route_id,agency_id,route_short_name,route_long_name,route_desc,route_type,route_url,route_color,route_text_color,route_sort_order,continuous_pickup,continuous_drop_off
A12,A,102,БАЛКАНКАР АД - Ж.К. ОВЧА КУПЕЛ-2 - БАЛКАНКАР АД,,3,,BE1E2D,FFFFFF,,,
A63,A,66,ХОТЕЛ МОРЕНИ - ЗООПАРКА - ХОТЕЛ МОРЕНИ,,3,,BE1E2D,FFFFFF,,,
A220,A,184,ЛЕТИЩЕ СОФИЯ ТЕРМИНАЛ 1 - ПЛ. ОРЛОВ МОСТ - ЛЕТИЩЕ СОФИЯ ТЕРМИНАЛ 1,,3,,BE1E2D,FFFFFF,,,
A117,A,22ТМ,БУЛ. ХРИСТО БОТЕВ - Ж.К. ЗАПАДЕН ПАРК - БУЛ. ХРИСТО БОТЕВ,,3,,BE1E2D,FFFFFF,,,
A49,A,28,КМЕТСТВО СВЕТОВРАЧАНЕ - Село Локорско - КМЕТСТВО СВЕТОВРАЧАНЕ,,3,,BE1E2D,FFFFFF,,,
A45,A,23,ГАРА КУРИЛО - АВТОСТАНЦИЯ ОРЛАНДОВЦИ - ГАРА КУРИЛО,,3,,BE1E2D,FFFFFF,,,
A94,A,79А,БУЛ. ИЛИЯНЦИ-ПОДЛЕЗА - УЛ. ТОДОРИНИ КУКЛИ - БУЛ. ИЛИЯНЦИ-ПОДЛЕЗА,,3,,BE1E2D,FFFFFF,,,
A249,A,X50,Парк музей Врана - СУ СВ. КЛИМЕНТ ОХРИДСКИ - Парк музей Врана,,3,,006838,FFFFFF,,,
A81,A,76,УМБАЛ СВ. АННА - Ж.К. ГОЦЕ ДЕЛЧЕВ - УМБАЛ СВ. АННА,,3,,BE1E2D,FFFFFF,,,
A98,A,54,МЕТРОСТАНЦИЯ СЛИВНИЦА - ПЪТЕН ВЪЗЕЛ  КАЛОТИНА - МЕТРОСТАНЦИЯ СЛИВНИЦА,,3,,BE1E2D,FFFFFF,,,
A255,A,804,МЕТРОСТАНЦИЯ ГОРНА БАНЯ - ПЛ. СРЕД СЕЛО - МЕТРОСТАНЦИЯ ГОРНА БАНЯ,,3,,BE1E2D,FFFFFF,,,
A256,A,805,Метростанция Витоша - Студентски град - Метростанция Витоша,,3,,BE1E2D,FFFFFF,,,
A253,A,802,МЕТРОСТАНЦИЯ ГОРНА БАНЯ - МЕТРОСТАНЦИЯ ГОРНА БАНЯ - МЕТРОСТАНЦИЯ ГОРНА БАНЯ,,3,,BE1E2D,FFFFFF,,,
TB24,A,123,ЛИФТА СИМЕОНОВО - АВТОСТАНЦИЯ ГЕО МИЛЕВ - ЛИФТА СИМЕОНОВО,,11,,27AAE1,FFFFFF,,,
TB33,A,6,село Герман - АВТОСТАНЦИЯ ГЕО МИЛЕВ - село Герман,,11,,27AAE1,FFFFFF,,,
A55,A,85,ПЛ. СТОЧНА ГАРА - Ж.К. ВРЪБНИЦА-2 - ПЛ. СТОЧНА ГАРА,,3,,BE1E2D,FFFFFF,,,
A2,A,9,УЛ. ГЕН. ГУРКО - АВТОБАЗА ИСКЪР - УЛ. ГЕН. ГУРКО,,3,,BE1E2D,FFFFFF,,,
A58,A,280,СТУДЕНТСКИ ГРАД - СУ СВ.КЛИМЕНТ ОХРИДСКИ - СТУДЕНТСКИ ГРАД,,3,,BE1E2D,FFFFFF,,,
TM40,A,15,Ж.к. Бъкстон - Пл. Македония - Ж.к. Бъкстон,,0,,F7941D,FFFFFF,,,
A264,A,97,ХОТЕЛ АМБАСАДОР - МЕТРОСТАНЦИЯ ФР. ЖОЛИО-КЮРИ - ХОТЕЛ АМБАСАДОР,,3,,BE1E2D,FFFFFF,,,
A65,A,103,ВЗ. ЛЮЛИН - АВТОСТАНЦИЯ ОВЧА КУПЕЛ - ВЗ. ЛЮЛИН,,3,,BE1E2D,FFFFFF,,,
TM23,A,8,БУЛ. К. ВЕЛИЧКОВ - Ж.К. ЗАПАДЕН ПАРК - БУЛ. К. ВЕЛИЧКОВ,,0,,F7941D,FFFFFF,,,
A105,A,59,АВТОСТАНЦИЯ КНЯЖЕВО - С. МЪРЧАЕВО-ТОЛУМСКА МАХАЛА - АВТОСТАНЦИЯ КНЯЖЕВО,,3,,BE1E2D,FFFFFF,,,
TB37,A,3TM,БУЛ. КН. МАРИЯ ЛУИЗА - ПЛ. ВЪЗРАЖДАНЕ - БУЛ. КН. МАРИЯ ЛУИЗА,,11,,27AAE1,FFFFFF,,,
A225,A,N2,ПЛ. КНЯЗ АЛЕКСАНДЪР І - КВ. ОБЕЛЯ - ПЛ. КНЯЗ АЛЕКСАНДЪР І,,3,,000000,FFFFFF,,,
A259,A,X43,ПЛ. СВ. АЛЕКСАНДЪР НЕВСКИ - АВТОСТАНЦИЯ БАНКЯ - ПЛ. СВ. АЛЕКСАНДЪР НЕВСКИ,,3,,006838,FFFFFF,,,
A106,A,68,МЕТРОСТАНЦИЯ ВИТОША - КВ. СИМЕОНОВО - МЕТРОСТАНЦИЯ ВИТОША,,3,,BE1E2D,FFFFFF,,,
A246,A,109,МЕТРОСТАНЦИЯ АКАД. А. Т.- БАЛАН - Ж.К. ЛОЗЕНЕЦ - МЕТРОСТАНЦИЯ АКАД. А. Т.- БАЛАН,,3,,BE1E2D,FFFFFF,,,
A171,A,59A,Бул. Никола Петков - МЕТРОСТАНЦИЯ МИЗИЯ - Бул. Никола Петков,,3,,BE1E2D,FFFFFF,,,
A28,A,98,КМЕТСТВО ЖЕЛЕЗНИЦА - МЕТРОСТАНЦИЯ ВИТОША - КМЕТСТВО ЖЕЛЕЗНИЦА,,3,,BE1E2D,FFFFFF,,,
A120,A,108A,БУЛ. ЛОМСКО ШОСЕ - Ж.К. ЛЮЛИН -5 - БУЛ. ЛОМСКО ШОСЕ,,3,,BE1E2D,FFFFFF,,,
TB34,A,20T,АВТОСТАНЦИЯ ГЕО МИЛЕВ - ТЕАТЪР СОФИЯ - АВТОСТАНЦИЯ ГЕО МИЛЕВ,,11,,27AAE1,FFFFFF,,,
A35,A,118,Село Желява - Автостанция Изток - Село Желява,,3,,BE1E2D,FFFFFF,,,
A241,A,M3,Ж.К. ОВЧА КУПЕЛ-2 - МЕТРОСТАНЦИЯ ХАДЖИ ДИМИТЪР - Ж.К. ОВЧА КУПЕЛ-2,,3,,BE1E2D,FFFFFF,,,
A261,A,200,ПЛ. СВ. АЛ. НЕВСКИ - ПЛ.СВ. АЛЕКСАНДЪР НЕВСКИ - ПЛ. СВ. АЛ. НЕВСКИ,,3,,BE1E2D,FFFFFF,,,
TB32,A,3,Ж.К. ИЗТОК - Ж.К. ЛЕВСКИ Г - Ж.К. ИЗТОК,,11,,27AAE1,FFFFFF,,,
A147,A,6TM,ГАРА СОФИЯ СЕВЕР - КВ. ОБЕЛЯ - ГАРА СОФИЯ СЕВЕР,,3,,BE1E2D,FFFFFF,,,
A6,A,64,ЗООПАРКА - ЦЕНТЪР ПО ХИГИЕНА - ЗООПАРКА,,3,,BE1E2D,FFFFFF,,,
TB26,A,184,ЛЕТИЩЕ СОФИЯ ТЕРМИНАЛ 1 - УЛ. ГЕН. ГУРКО - ЛЕТИЩЕ СОФИЯ ТЕРМИНАЛ 1,,11,,27AAE1,FFFFFF,,,
A174,A,42A,АВТОСТАНЦИЯ БАНКЯ - КРАЯ НА КВ. МИХАЙЛОВО - АВТОСТАНЦИЯ БАНКЯ,,3,,BE1E2D,FFFFFF,,,
A3,A,111,"Ж.К. ЛЮЛИН 1,2 - Бул. Никола Петков - Ж.К. ЛЮЛИН 1,2",,3,,BE1E2D,FFFFFF,,,
A22,A,56,МЕТРОСТАНЦИЯ ВАРДАР - СЕЛО МАЛО БУЧИНО - МЕТРОСТАНЦИЯ ВАРДАР,,3,,BE1E2D,FFFFFF,,,
A131,A,11TM,КВ. ПАВЛОВО - Ж.К. ЗАПАДЕН ПАРК - КВ. ПАВЛОВО,,3,,BE1E2D,FFFFFF,,,
TM37,A,3A,Метростанция К. Величков - Гара Захарна фабрика - Метростанция К. Величков,,0,,F7941D,FFFFFF,,,
M1,A,M1,Бизнес парк - Витоша - Бизнес парк,,1,,EB2227,FFFFFF,,,
A79,A,70,СЕЛО ПЛАНА - НСБАЛ ПО ОНКОЛОГИЯ - СЕЛО ПЛАНА,,3,,BE1E2D,FFFFFF,,,
TM33,A,12,ПЕТА ГРАДСКА БОЛНИЦА - ПЛ. ЖУРНАЛИСТ - ПЕТА ГРАДСКА БОЛНИЦА,,0,,F7941D,FFFFFF,,,
A226,A,N3,Ж.К. ОВЧА КУПЕЛ-2 - Ж.К. ЛЕВСКИ Г - Ж.К. ОВЧА КУПЕЛ-2,,3,,000000,FFFFFF,,,
TM22,A,22,АВТОСТАНЦИЯ ИЗТОК - Младежки театър - АВТОСТАНЦИЯ ИЗТОК,,0,,F7941D,FFFFFF,,,
TM29,A,11,Гара София север - Кв. Овча Купел - Гара София север,,0,,F7941D,FFFFFF,,,
A240,A,6ТМ,КВ. ОБЕЛЯ - ЦЕНТРАЛНА ГАРА - КВ. ОБЕЛЯ,,3,,BE1E2D,FFFFFF,,,
TB7,A,7,Ж.к. Гоце Делчев - Ж.К. ЛЮЛИН-3 - Ж.к. Гоце Делчев,,11,,27AAE1,FFFFFF,,,
TM57,A,92,ПЛ. ВЪЗРАЖДАНЕ - ПЛ. ЖУРНАЛИСТ - ПЛ. ВЪЗРАЖДАНЕ,,0,,F7941D,FFFFFF,,,
A172,A,20TM,МЕТРОСТАНЦИЯ ОПЪЛЧЕНСКА - ПЛ. ВАСИЛ ЛЕВСКИ - МЕТРОСТАНЦИЯ ОПЪЛЧЕНСКА,,3,,BE1E2D,FFFFFF,,,
A54,A,82,ж.к. Люлин -5 - ПЛОЩАД ЦЕНТРАЛНА ГАРА - ж.к. Люлин -5,,3,,BE1E2D,FFFFFF,,,
TB43,A,288,АВТОСТАНЦИЯ ГЕО МИЛЕВ - Метростанция Витоша - АВТОСТАНЦИЯ ГЕО МИЛЕВ,,11,,27AAE1,FFFFFF,,,
A9,A,83,Зоопарка - Хюндай България - Зоопарка,,3,,BE1E2D,FFFFFF,,,
TM27,A,1,ЦЕНТРАЛНА АВТОГАРА - Ул. Пиротска - ЦЕНТРАЛНА АВТОГАРА,,0,,F7941D,FFFFFF,,,
A66,A,1,КОКАЛЯНСКО ХАНЧЕ - АВТОСТАНЦИЯ ГЕО МИЛЕВ - КОКАЛЯНСКО ХАНЧЕ,,3,,BE1E2D,FFFFFF,,,
TM50,A,23,УЛ. ОБИКОЛНА - Ж.К. ГЕО МИЛЕВ - УЛ. ОБИКОЛНА,,0,,F7941D,FFFFFF,,,
TM47,A,22A,Младежки театър - Ж.К. КРАСНА ПОЛЯНА - Младежки театър,,0,,F7941D,FFFFFF,,,
A32,A,100,БАЛКАН СТАР - ПЪТНОСТРОИТЕЛНА ТЕХНИКА - БАЛКАН СТАР,,3,,BE1E2D,FFFFFF,,,
TM35,A,7А,КВ. МАНАСТИРСКИ ЛИВАДИ - ЗАПАД - КВ. МАНАСТИРСКИ ЛИВАДИ,,0,,F7941D,FFFFFF,,,
A84,A,204,Ж.К. ГОЦЕ ДЕЛЧЕВ - Ж.К. ДРУЖБА-2 - Ж.К. ГОЦЕ ДЕЛЧЕВ,,3,,BE1E2D,FFFFFF,,,
A13,A,31,Ж.К. ОБЕЛЯ 1 - Село Голяновци - Ж.К. ОБЕЛЯ 1,,3,,BE1E2D,FFFFFF,,,
A1,A,72,ГАРА ПОДУЯНЕ - Ж.К. ЗАПАДЕН ПАРК - ГАРА ПОДУЯНЕ,,3,,BE1E2D,FFFFFF,,,
TB8,A,9,ПЛ. СТОЧНА ГАРА - Ж.К.БОРОВО - ПЛ. СТОЧНА ГАРА,,11,,27AAE1,FFFFFF,,,
TB6,A,6,ПК СПАРТАК - Ж.К. ЛЮЛИН-3 - ПК СПАРТАК,,11,,27AAE1,FFFFFF,,,
A60,A,310,Ж.К. ЛЮЛИН-5 - ПЛ. СТОЧНА ГАРА - Ж.К. ЛЮЛИН-5,,3,,BE1E2D,FFFFFF,,,
A263,A,X1,Ж.К. ГОЦЕ ДЕЛЧЕВ - Ж.К. ДРУЖБА-2 - Ж.К. ГОЦЕ ДЕЛЧЕВ,,3,,BE1E2D,FFFFFF,,,
TB44,A,6TM,Пл. Македония - Ж.К.ИВАН ВАЗОВ - Пл. Македония,,11,,27AAE1,FFFFFF,,,
A4,A,11,УЛ. ДОБРОТИЧ - АВТОСТАНЦИЯ ГЕО МИЛЕВ - УЛ. ДОБРОТИЧ,,3,,BE1E2D,FFFFFF,,,
TM34,A,18,ПЛ. МАКЕДОНИЯ - ПЛ. ЖУРНАЛИСТ - ПЛ. МАКЕДОНИЯ,,0,,F7941D,FFFFFF,,,
A257,A,49A,МАНАСТИР СВ. ПЕТКА ПАРАСКЕВА - АВТОСТАНЦИЯ БАНКЯ - МАНАСТИР СВ. ПЕТКА ПАРАСКЕВА,,3,,BE1E2D,FFFFFF,,,
A208,A,11Tm,КВ. ПАВЛОВО - Ж.К. ЗАПАДЕН ПАРК - КВ. ПАВЛОВО,,3,,BE1E2D,FFFFFF,,,
TM24,A,10,Метростанция К. Величков - ПЛ. ЖУРНАЛИСТ - Метростанция К. Величков,,0,,F7941D,FFFFFF,,,
A91,A,604,УМБАЛСМ ПИРОГОВ - ГАРА ИСКЪР - УМБАЛСМ ПИРОГОВ,,3,,BE1E2D,FFFFFF,,,
TM49,A,6A,Ж.К. ОБЕЛЯ-2 - ТРИЪГЪЛНИКА - Ж.К. ОБЕЛЯ-2,,0,,F7941D,FFFFFF,,,
M2,A,M2,Бизнес парк - Витоша - Бизнес парк,,1,,1C75BC,FFFFFF,,,
A243,A,Y2,Ж.К. ЛЮЛИН-5 - 18 СУ УИЛЯМ ГЛАДСТОН - Ж.К. ЛЮЛИН-5,,3,,BE1E2D,FFFFFF,,,
A262,A,46,АВТОСТАНЦИЯ БАНКЯ - МАНАСТИР СВ. ПЕТКА ПАРАСКЕВА - АВТОСТАНЦИЯ БАНКЯ,,3,,BE1E2D,FFFFFF,,,
M3,A,M3,Хаджи Димитър - Горна баня - Хаджи Димитър,,1,,39B54A,FFFFFF,,,
TM30,A,7,МЕТРОСТАНЦИЯ ХАН КУБРАТ - Площад Възраждане - МЕТРОСТАНЦИЯ ХАН КУБРАТ,,0,,F7941D,FFFFFF,,,
A215,A,110,Ж.К. МЛАДОСТ-1 - Ж.К. БЪКСТОН - Ж.К. МЛАДОСТ-1,,3,,BE1E2D,FFFFFF,,,
A40,A,20,ПЛ. ЛЪВОВ МОСТ - СЕЛО ЛОКОРСКО - ПЛ. ЛЪВОВ МОСТ,,3,,BE1E2D,FFFFFF,,,
TM51,A,4,Кв. Орландовци - ПЛ. МАКЕДОНИЯ - Кв. Орландовци,,0,,F7941D,FFFFFF,,,
A27,A,81,МЕТРОСТАНЦИЯ СЛИВНИЦА - КВ. ИВАНЯНЕ - МЕТРОСТАНЦИЯ СЛИВНИЦА,,3,,BE1E2D,FFFFFF,,,
A224,A,N1,"Ж.К. ЛЮЛИН 1,2 - Ж.К. МЛАДОСТ-4 - Ж.К. ЛЮЛИН 1,2",,3,,000000,FFFFFF,,,
A108,A,260,Ж.К. КРАСНО СЕЛО - БУЛ. ПРАГА - Ж.К. КРАСНО СЕЛО,,3,,BE1E2D,FFFFFF,,,
A8,A,77,Ж.К. ЗАПАДЕН ПАРК - ЦЕНТРАЛНА ГАРА - Ж.К. ЗАПАДЕН ПАРК,,3,,BE1E2D,FFFFFF,,,
A103,A,150,Ж. К. ОБЕЛЯ 1 - ПЛОЩАДА С. ВОЛУЯК - Ж. К. ОБЕЛЯ 1,,3,,BE1E2D,FFFFFF,,,
A145,A,10ТМ,ПЛ. ВЪЗРАЖДАНЕ - Ж.К. ЗАПАДЕН ПАРК - ПЛ. ВЪЗРАЖДАНЕ,,3,,BE1E2D,FFFFFF,,,
A43,A,22,БОЛНИЦАТА С. ПОДГУМЕР - ЦЕНТРАЛНА ГАРА - БОЛНИЦАТА С. ПОДГУМЕР,,3,,BE1E2D,FFFFFF,,,
A125,A,5TM,Бул. Братя Бъкстон - Автостанция Княжево - Бул. Братя Бъкстон,,3,,BE1E2D,FFFFFF,,,
A24,A,58,АВТОСТАНЦИЯ КНЯЖЕВО - СЕЛИМИЦА - АВТОСТАНЦИЯ КНЯЖЕВО,,3,,BE1E2D,FFFFFF,,,
A251,A,X10,Ж.К. БЪКСТОН - УЛ. Т. КАБЛЕШКОВ - Ж.К. БЪКСТОН,,3,,BE1E2D,FFFFFF,,,
A119,A,83А,БУЛ. ЛОМСКО ШОСЕ - БАЛКАНКАР АД - БУЛ. ЛОМСКО ШОСЕ,,3,,BE1E2D,FFFFFF,,,
A37,A,120,УЛ. ТОДОРИНИ КУКЛИ - ЗООПАРКА - УЛ. ТОДОРИНИ КУКЛИ,,3,,BE1E2D,FFFFFF,,,
A195,A,49,КВ. КЛИСУРА - МЕТРОСТАНЦИЯ СЛИВНИЦА - КВ. КЛИСУРА,,3,,BE1E2D,FFFFFF,,,
TB21,A,9А,АВТОБАЗА ИСКЪР - АВТОСТАНЦИЯ ГЕО МИЛЕВ - АВТОБАЗА ИСКЪР,,11,,27AAE1,FFFFFF,,,
TB4,A,8,Кино Одеон - Ж.К. ГОЦЕ ДЕЛЧЕВ - Кино Одеон,,11,,27AAE1,FFFFFF,,,
TB36,A,74,ж.к. Гоце Делчев - БУЛ. КН. МАРИЯ ЛУИЗА - ж.к. Гоце Делчев,,11,,27AAE1,FFFFFF,,,
A56,A,86,АП МАЛАШЕВЦИ - Ж.К. СВОБОДА - АП МАЛАШЕВЦИ,,3,,BE1E2D,FFFFFF,,,
A25,A,63,Ж.К. КРАСНО СЕЛО - УЛ. БЯЛАТА ЧЕШМА - Ж.К. КРАСНО СЕЛО,,3,,BE1E2D,FFFFFF,,,
M4,A,M4,Летище София - Витоша - Летище София,,1,,FFDE17,000000,,,
A247,A,82A,ИНЖСТРОЙ София АД - НАДЛЕЗ НАДЕЖДА - ИНЖСТРОЙ София АД,,3,,BE1E2D,FFFFFF,,,
A95,A,86А,УЛ. ОПЪЛЧЕНСКА - АП МАЛАШЕВЦИ - УЛ. ОПЪЛЧЕНСКА,,3,,BE1E2D,FFFFFF,,,
A53,A,79,КВ. ХРИСТО БОТЕВ - СТИНД - КВ. ХРИСТО БОТЕВ,,3,,BE1E2D,FFFFFF,,,
TB35,A,60,БУЛ. КН. МАРИЯ ЛУИЗА - Ж.К. ОВЧА КУПЕЛ-2 - БУЛ. КН. МАРИЯ ЛУИЗА,,11,,27AAE1,FFFFFF,,,
A59,A,309,ПЛ. СТОЧНА ГАРА - БУЛ. ИЛИЯНЦИ-ПОДЛЕЗА - ПЛ. СТОЧНА ГАРА,,3,,BE1E2D,FFFFFF,,,
A93,A,18A,ГРОБИЩЕН ПАРК МАЛАШЕВЦИ - АВТОСТАНЦИЯ ОРЛАНДОВЦИ - ГРОБИЩЕН ПАРК МАЛАШЕВЦИ,,3,,BE1E2D,FFFFFF,,,
A201,A,285,Ж.К. ХАДЖИ ДИМИТЪР - Ж.К. ВРЪБНИЦА-2 - Ж.К. ХАДЖИ ДИМИТЪР,,3,,BE1E2D,FFFFFF,,,
A42,A,21,ЦЕНТРАЛНА ГАРА - СЕЛО ВОЙНЕГОВЦИ - ЦЕНТРАЛНА ГАРА,,3,,BE1E2D,FFFFFF,,,
A242,A,Y1,БАЛКАНКАР АД - СУ СВ. КЛИМЕНТ ОХРИДСКИ - БАЛКАНКАР АД,,3,,BE1E2D,FFFFFF,,,
TM20,A,20,Депо Искър - Ж.К. ГЕО МИЛЕВ - Депо Искър,,0,,F7941D,FFFFFF,,,
A72,A,7,ЖП ГАРА ВЕРИЛА - ГАРА ИСКЪР - ЖП ГАРА ВЕРИЛА,,3,,BE1E2D,FFFFFF,,,
TB2,A,11,Депо Искър - УЛ. ВИШОВГРАД - Депо Искър,,11,,27AAE1,FFFFFF,,,
A76,A,14,АВТОСТАНЦИЯ ИЗТОК - ГАРА ИСКЪР - АВТОСТАНЦИЯ ИЗТОК,,3,,BE1E2D,FFFFFF,,,
A69,A,4,Ж.К. МЛАДОСТ-1 - КОКАЛЯНСКО ХАНЧЕ - Ж.К. МЛАДОСТ-1,,3,,BE1E2D,FFFFFF,,,
TB41,A,801,Ж.к. Гоце Делчев - Ж.к. Красно село - Ж.к. Гоце Делчев,,11,,27AAE1,FFFFFF,,,
A61,A,61,БУЛ. ГОЦЕ ДЕЛЧЕВ - ЗЛАТНИ МОСТОВЕ - БУЛ. ГОЦЕ ДЕЛЧЕВ,,3,,BE1E2D,FFFFFF,,,
A182,A,384,Летище София Терминал 2 - Ж.к. Дружба 2 - Летище София Терминал 2,,3,,BE1E2D,FFFFFF,,,
TM25,A,5,Кв. Княжево - СЪДЕБНА ПАЛАТА - Кв. Княжево,,0,,F7941D,FFFFFF,,,
TB40,A,Д1,Бул. Братя Бъкстон - Ж.К. ГОЦЕ ДЕЛЧЕВ - Бул. Братя Бъкстон,,11,,27AAE1,FFFFFF,,,
A167,A,294,НСБАЛ ПО ОНКОЛОГИЯ - СТУДЕНТСКИ ГРАД - НСБАЛ ПО ОНКОЛОГИЯ,,3,,BE1E2D,FFFFFF,,,
A34,A,117,АВТОСТАНЦИЯ ИЗТОК - ГРАД БУХОВО - АВТОСТАНЦИЯ ИЗТОК,,3,,BE1E2D,FFFFFF,,,
A168,A,7TM,НИМ - БУЛ. ЧЕРНИ ВРЪХ - НИМ,,3,,BE1E2D,FFFFFF,,,
A205,A,505,ПЛ. ОРЛОВ МОСТ - Парк музей Врана - ПЛ. ОРЛОВ МОСТ,,3,,BE1E2D,FFFFFF,,,
A217,A,304,НИМ-ВРЕМЕННА - Ж.К. ДРУЖБА-2 - НИМ-ВРЕМЕННА,,3,,BE1E2D,FFFFFF,,,
TM28,A,3,КВ. ОРЛАНДОВЦИ - Ул. Цар Симеон - КВ. ОРЛАНДОВЦИ,,0,,F7941D,FFFFFF,,,
A41,A,18,АВТОСТАНЦИЯ ОРЛАНДОВЦИ - МЕЛНИЦАТА ЧЕПИНЦИ - АВТОСТАНЦИЯ ОРЛАНДОВЦИ,,3,,BE1E2D,FFFFFF,,,
A193,A,47,КВ. ГРАДОМАН - АВТОСТАНЦИЯ БАНКЯ - КВ. ГРАДОМАН,,3,,BE1E2D,FFFFFF,,,
A31,A,44,АВТОСТАНЦИЯ БАНКЯ - КВ. ИВАНЯНЕ - АВТОСТАНЦИЯ БАНКЯ,,3,,BE1E2D,FFFFFF,,,
A87,A,305,ЦЕНТРАЛНА ГАРА - КУЛИНАРЕН К-Т ПЕЙФИЛ - ЦЕНТРАЛНА ГАРА,,3,,BE1E2D,FFFFFF,,,
TB27,A,1А,Кино Одеон - ВМА - Кино Одеон,,11,,27AAE1,FFFFFF,,,
A70,A,5,ШКОЛА БЧК - АВТОСТАНЦИЯ ГЕО МИЛЕВ - ШКОЛА БЧК,,3,,BE1E2D,FFFFFF,,,
TB10,A,1,Ж.К. БОРОВО - УЛ. ВИТИНЯ - Ж.К. БОРОВО,,11,,27AAE1,FFFFFF,,,
A96,A,90А,АВТОСТАНЦИЯ ИЗТОК - АП МАЛАШЕВЦИ - АВТОСТАНЦИЯ ИЗТОК,,3,,BE1E2D,FFFFFF,,,
A74,A,8,СЕЛО ГЕРМАН - СЕЛО КРИВИНА - СЕЛО ГЕРМАН,,3,,BE1E2D,FFFFFF,,,
TB30,A,7А,Ж.К. ЛЮЛИН-3 - УХО - Ж.К. ЛЮЛИН-3,,11,,27AAE1,FFFFFF,,,
A248,A,19,Кв. Обеля - Ж.к. Обеля 1 - Кв. Обеля,,3,,BE1E2D,FFFFFF,,,
TM55,A,27,Пл. Македония - КВ. МАНАСТИРСКИ ЛИВАДИ-ЗАПАД - Пл. Македония,,0,,F7941D,FFFFFF,,,
A110,A,90,АП Малашевци - Град Бухово - АП Малашевци,,3,,BE1E2D,FFFFFF,,,
A44,A,101,ЦЕНТРАЛНА ГАРА - ФОНДОВИ ЖИЛИЩА - ЦЕНТРАЛНА ГАРА,,3,,BE1E2D,FFFFFF,,,
A202,A,12Т,ГАРА СОФИЯ СЕВЕР - Автостанция Илиянци - ГАРА СОФИЯ СЕВЕР,,3,,BE1E2D,FFFFFF,,,
TB3,A,5,Ж.К. МЛАДОСТ 2 - УЛ. ВИШОВГРАД - Ж.К. МЛАДОСТ 2,,11,,27AAE1,FFFFFF,,,
A101,A,42,АВТОСТАНЦИЯ БАНКЯ - Ж.К. ЛЮЛИН-8 - АВТОСТАНЦИЯ БАНКЯ,,3,,BE1E2D,FFFFFF,,,
A252,A,X9,Ж.К. ЛОЗЕНЕЦ - МЕТРОСТАНЦИЯ АКАД. А. Т.- БАЛАН - Ж.К. ЛОЗЕНЕЦ,,3,,BE1E2D,FFFFFF,,,
A26,A,108,ж.к. Люлин -5 - Хюндай България - ж.к. Люлин -5,,3,,BE1E2D,FFFFFF,,,
A100,A,404,ЦЕНТРАЛНА ГАРА - АП ДРУЖБА - ЦЕНТРАЛНА ГАРА,,3,,BE1E2D,FFFFFF,,,
A78,A,69,ЦАРЕВА МАХАЛА - НСБАЛ ПО ОНКОЛОГИЯ - ЦАРЕВА МАХАЛА,,3,,BE1E2D,FFFFFF,,,
A68,A,3,ПЛОЩАД  НА АВИАЦИЯТА - СЕЛО ДОЛНИ ПАСАРЕЛ - ПЛОЩАД  НА АВИАЦИЯТА,,3,,BE1E2D,FFFFFF,,,
A90,A,413,ГАРА СОФИЯ СЕВЕР - ТЕХНОПОЛИС Ж.К. МЛАДОСТ-4 - ГАРА СОФИЯ СЕВЕР,,3,,BE1E2D,FFFFFF,,,
A99,A,84,ВОЕННА АКАДЕМИЯ - РАЗКЛОНА ЗА ЛЕТИЩЕТО - ВОЕННА АКАДЕМИЯ,,3,,BE1E2D,FFFFFF,,,
A104,A,27,МЕТРОСТАНЦИЯ КН. МАРИЯ ЛУИЗА - СЕЛО КЪТИНА - МЕТРОСТАНЦИЯ КН. МАРИЯ ЛУИЗА,,3,,BE1E2D,FFFFFF,,,
A38,A,12,Автостанция Изток - Село Долни Богров - Автостанция Изток,,3,,BE1E2D,FFFFFF,,,
A121,A,8TM,ПЛ. ВЪЗРАЖДАНЕ - Ж.К. ЗАПАДЕН ПАРК - ПЛ. ВЪЗРАЖДАНЕ,,3,,BE1E2D,FFFFFF,,,
A77,A,67,КВ. СИМЕОНОВО - СЕМИНАРИЯТА - КВ. СИМЕОНОВО,,3,,BE1E2D,FFFFFF,,,
A50,A,29,Хюндай България - СЕЛО БАЛША - Хюндай България,,3,,BE1E2D,FFFFFF,,,
A36,A,119,МК КРЕМИКОВЦИ - АВТОСТАНЦИЯ ИЗТОК - МК КРЕМИКОВЦИ,,3,,BE1E2D,FFFFFF,,,
A227,A,N4,ПЛ. КНЯЗ АЛЕКСАНДЪР І - Ж.К. ГОЦЕ ДЕЛЧЕВ - ПЛ. КНЯЗ АЛЕКСАНДЪР І,,3,,000000,FFFFFF,,,
TM56,A,21,Ж.К. ГЕО МИЛЕВ - ПЛ. ВАСИЛ ЛЕВСКИ - Ж.К. ГЕО МИЛЕВ,,0,,F7941D,FFFFFF,,,
A200,A,314,Ж.К. МЛАДОСТ 1 - Село Бистрица - Ж.К. МЛАДОСТ 1,,3,,BE1E2D,FFFFFF,,,
TB9,A,2,ж.к. Бъкстон - Ул. Ген. Гурко - ж.к. Бъкстон,,11,,27AAE1,FFFFFF,,,
A85,A,213,Ж.К. МЛАДОСТ 4 - ПЛОЩАД ЦЕНТРАЛНА ГАРА - Ж.К. МЛАДОСТ 4,,3,,BE1E2D,FFFFFF,,,
A48,A,26,Ж.К. ОБЕЛЯ 1 - С. Мировяне - Ж.К. ОБЕЛЯ 1,,3,,BE1E2D,FFFFFF,,,
A82,A,88,ЗООПАРКА - Ж.К. ДРУЖБА-2 - ЗООПАРКА,,3,,BE1E2D,FFFFFF,,,
TB39,A,73,Ж.К. МЛАДОСТ 2 - Бл. 41 ж.к. Младост 1 - Ж.К. МЛАДОСТ 2,,11,,27AAE1,FFFFFF,,,
TB42,A,22T,АВТОСТАНЦИЯ ГЕО МИЛЕВ - ТЕАТЪР СОФИЯ - АВТОСТАНЦИЯ ГЕО МИЛЕВ,,11,,27AAE1,FFFFFF,,,
A29,A,107,КВ. КАРПУЗИЦА - Боянска църква - КВ. КАРПУЗИЦА,,3,,BE1E2D,FFFFFF,,,
TB38,A,12T,АВТОСТАНЦИЯ ИЛИЯНЦИ - Бул. Княгиня Мария Луиза - АВТОСТАНЦИЯ ИЛИЯНЦИ,,11,,27AAE1,FFFFFF,,,
TM32,A,6,Ж.К. ОБЕЛЯ-2 - Ул. Пиротска - Ж.К. ОБЕЛЯ-2,,0,,F7941D,FFFFFF,,,
A80,A,75,ПЛ. ОРЛОВ МОСТ - АВТОСТАНЦИЯ ГЕО МИЛЕВ - ПЛ. ОРЛОВ МОСТ,,3,,BE1E2D,FFFFFF,,,
A57,A,94,СТУДЕНТСКИ ГРАД - КИНО ОДЕОН - СТУДЕНТСКИ ГРАД,,3,,BE1E2D,FFFFFF,,,
A109,A,30,Ж.К. ОБЕЛЯ 1 - СЕЛО БАЛША - Ж.К. ОБЕЛЯ 1,,3,,BE1E2D,FFFFFF,,,
TB25,A,84,УЛ. ГЕН. ГУРКО - ЛЕТИЩЕ СОФИЯ ТЕРМИНАЛ 2 - УЛ. ГЕН. ГУРКО,,11,,27AAE1,FFFFFF,,,
A254,A,803,МЕТРОСТАНЦИЯ ГОРНА БАНЯ - ВЗ. ЛЮЛИН - МЕТРОСТАНЦИЯ ГОРНА БАНЯ,,3,,BE1E2D,FFFFFF,,,
A52,A,78,УЛ. ВАСИЛ КЪНЧЕВ - ПЛОЩАДА КВ. ВРАЖДЕБНА - УЛ. ВАСИЛ КЪНЧЕВ,,3,,BE1E2D,FFFFFF,,,
TB1,A,4,ж.к. Хаджи Димитър - Ж.К. ДРУЖБА-2 - ж.к. Хаджи Димитър,,11,,27AAE1,FFFFFF,,,
A46,A,24,Манастир Св.Мина - Станция Орландовци - Манастир Св.Мина,,3,,BE1E2D,FFFFFF,,,
A75,A,10,КВ. Д. МИЛЕНКОВ - Кв.Бусманци - КВ. Д. МИЛЕНКОВ,,3,,BE1E2D,FFFFFF,,,
